word,description
4d,local 4 digit lottery game run by singapore pools.
5cs,refers to the 5 cs of singapore (cash car credit card condominium country club membership). commonly associated with materialistic success in modern singapore.
11b,official singapore army vernacular meaning '11 basic information'. refers to the singapore armed forces identity card held by servicemen during their national service.
abc,(from english) 1. english language. 2. acronym for 'american-born chinese'. 3. english-speaking person i.e. anglophone singaporeans. 4. could also describe when the mentioned subject has western elements or influences.
abit,(from english) a little bit. usually used sarcastically. as in you abit fast ah when the person in question is deemed to be slow (sarcasm).
abuden,(from manglish 'ah but then?') obviously; of course.
acbc,(from english and hokkien) acronym for act cute buay cute. refers to a person that is behaving in an exaggeratedly cutesy manner but instead comes across as annoying. (buay
act blur,(from english and hokkien) to feign ignorance.
act cute,(from english and hokkien) a phrase which describes behaving in a cutesy manner. can be used as both a verb and an adjective. see also acbc above.
action,(from english) refers to a person that is perceived as arrogant or haughty.
agak agak / agak-agak,(from malay) an estimate.[12] not to be mistaken as agar-agar which means jelly/jello.
agak-ration,(from malay and english) an estimate or estimation. also pronounced as agar-ration.
ah beng,(from hokkien      a-b_ng) a hillbilly or someone with poor dress sense. also used to refer to a gangster.[13] originates from the common chinese male name 'ah beng'.
ah,(from chinese   ) 1. exclamation. e.g. heng ah! (how lucky!) 2. (... ah?) an alternative spelling of ar. used at the end of a sentence to express doubt.
ah gua / ah kwa / ah qua,(from hokkien      a kuann) a transvestite often assumed to be a thai transsexual. used to refer to males that appear to be feminine.
ah lian,(from hokkien      a-li_n) a hillbilly someone with little dress sense; female form of ah beng. also used to refer to a gangster.[13] the expressions came about because ah lian is a common chinese female name.
ah long,1. (from cantonese    k which is a shortened form of dai i long  j   k) slang term for a loan shark. 2. sometimes used to mistranslate lee hsien loong.
ah neh,(from hokkien/tamil. tamil: ______ /a__a_/) means older brother; from hokkien a shortened version of a racial slur (see below).
ah pu neh neh,(from hokkien) a racial slur for indians.
ah tiong,(from hokkien      a-tiong) sometimes used simply as tiong. an endearing term for chinese nationals.
ai see,(from hokkien/teochew  r   _i-s_ mandarin equivalent:  n  ) used to describe someone on thin ice.
ai see buay see,(from hokkien  r   l   _i-s_ bu_-s_ mandarin equivalent:  n      ) used to describe someone on thin ice.
ai swee mai m'niah,(from hokkien lit. 'love beauty until death') used of a person who acts cute till he or she becomes obsolete.
ai sui,(from hokkien lit. 'love beauty') refers to a person who is beauty conscious. (usually used of females.).
ai tzai,(from hokkien  r b _i ts_i lit. 'must be firm calm and solid') used in a reassuring manner to calm people down.
aiya(h) / aiyo(h),(from chinese  u r _iya /  u  _iyo or tamil ___ aiy_) oh no! oh dear!
aiyoyo / ai-yoh-yoh,(from chinese  u   or tamil _____) extreme of aiyoh. popularized by the mediacorp drama series good morning sir!.
akan datang,(from malay) means 'coming soon' as seen in movie trailers. used to reassure an impatient person.
alamak,(from malay) phonetically close to the chinese term oh my mother!. it expresses shock or surprise.
amacam,(from malay) a contraction of the malay word 'apa macam' which is used as a greeting similar to what's up?
ang mo(h),(from hokkien     _ng-moo lit. 'red hair') a term for people of european descent.
ang mo(h) pai,(from hokkien      lit. 'red hair faction') a term used for chinese singaporeans who speak good english but poor chinese. the term suggests they are more red hair/westernised than chinese.
ang pau / ang pow,(from hokkien/teochew    ]. pronounced h_ng b_o in mandarin) red packet with money to be given on chinese new year or during some occasion like wedding birthday party and so on as a wish to the receiver. also hong bao.
an zhua?,(from hokkien     _n-chu__) hokkien equivalent of what's up?
ar,1. (from cantonese/mandarin   ) (... ar?) used at the end of a sentence where opinions and affirmations are being sought. 2. (from hokkien) used as either a noun or a verb to denote a very cozy non-sexual relationship with someone that might result in special considerations or leeway not available to anyone else without such a relationship. as in i ar with the boss because i'm his golf buddy so i can occasionally come to work later without getting into trouble with him. or you got ar with him or not? to inquire as to the status of the relationship between two people. similar to the american slang expression having juice with someone.
ar bo,(from hokkien/teochew    l _-b_) means what else? or how else? usually used as an answer to a question with an obvious answer.
atas,(from malay lit. 'above') 1. used to describe a snobbish and arrogant person. 2. used to describe a high class well-to-do or sophisticated person.
ayam,(from malay lit. 'chicken') used to describe someone who is easily intimidated.
balik kampong / balek kampung,(from malay) pack up one's things and go home. the term also refers to returning to one's hometown.
bakkwa / bak kwa,(from hokkien  ×°  bah-koa_; r_ug_n in mandarin) rougan or roupu ( ×² ) a chinese salty-sweet dried meat product similar to jerky.
bao toh,(from hokkien  ] m lit. 'bun knife') the act of backstabbing someone usually in an office or political context.
barang barang,(from malay) personal belongings.
berak,(from malay) to defecate.
belanja,(from malay) to give someone a treat.
bodoh,(from malay) idiot ignorant.[14]
bo(h) be(h) zao,(from hokkien/teochew  l     b_ b_ ch_u lit. 'no horse run') from horse racing jargon. used to describe something that is without rival. see also no horse run.
bo(h) bian / bo(h) pien,(from hokkien  l Ü b_-pi_n) no choice.
bo(h) chup,(from hokkien) hokkien for to not give a damn.
bo(h) eng,(from hokkien  l   b_-_ng lit. 'no free time') to have little or no time on one's hands.
bo(h) gay / bo(h) ge(h),(from hokkien/teochew  l   b_-g_ lit. 'no teeth') usually used to describe someone with a missing tooth.
bo(h) jio / bojio,(from hokkien/teochew  l   mandarin equivalent:  s Û m_i zh_o) you didn't invite me.
bo(h) liao,(from hokkien/teochew  l  b_-li_u lit. boredom; mandarin: w_li_o) a slang expression to describe being in a situation of idleness. also used to describe an act of doing something silly.
bo(h) ta bo lan pa,(from hokkien  l j l_ k b_-ta-b_-l_n-pha lit. '[if it's] not dry [you have] no testicles') usually used in drinking for bottoms up.
bo(h) tao bo(h) be(h),(from hokkien  l y l   lit. 'no head no tail / no beginning no end') a story that has no linkage.
bo(h) zheng hu,(from hokkien/teochew  l f   lit. 'no government anarchy') used to describe a lack of governance or authority.
boleh,(from malay) can; possible. sometimes used sarcastically to refer to one's inability to do something.
botak,(from malay) used to describe someone bald. this term inspired the famous botak jones in singapore.[15]
buay,(from hokkien _/ l bu_) means 'cannot'.
buaya,(from malay) literally means 'crocodile'. refers to a womanizer or flirt.[16]
buay pai,(from hokkien  l  bu_-ph_i_ lit. 'not bad' mandarin equivalent:   _) this is commonly used for food saying that it isn't very bad or not bad. it can also be applied to other things.
buay song,(from hokkien  l n bu_-s_ng mandarin equivalent:    n) to be unhappy or angry about something.
buay gan/kan,(from hokkien  l f bu_-gan mandarin equivalent:   _ z) useless.
buay steady,(from hokkien and english) usually used to reply to someone whose conduct spoils the pleasure of others. a spoilsport. see steady.
buay tahan,(from hokkien buay and malay tahan) means 'unable to withstand' or colloquially cannot stand it i.e. intolerable. see tahan.
catch no ball,unable to understand something that someone says. directly translated from hokkien term liek boh kiew / liak bo kiu.
cert,(from english) abbreviation of 'certificate'. e.g. can copy your cert or not?
chao / chow,(from hokkien/teochew   chh_u lit. 'smelly') 1. used to refer to foul smells. 2. used to describe cheating or playing foul (jiak chao) in a game.
chao keng,(from hokkien) feigning sickness or injury. commonly used during national service to describe recruits who pretend to be unwell to avoid participating in certain activities. sometimes shortened to keng.
chao mugger,(from hokkien) someone who frequently crams for tests for fear of failure.
chap lau chu,(from hokkien) a colloquial term to describe 10-storey flats.
char bor / zha bo,(from hokkien/teochew  d y cha-b_) girl/woman.
chee bai,(from hokkien    y chi-bai lit. 'vagina-cunt') cb for short.[17] means vagina but used mainly as a swear word. see jibai.
chee ko pek,(from hokkien/teochew) hokkien or teochew slang for 'pervert' or 'dirty old man'. sometimes used by children on riding an object.
cheena,(from peranakan/malay) originated from malay spelling cina. a derogatory term used to denote people exhibiting very unpolished behaviour or mannerisms deriding their chineseness. basically to denote the uncultured (from an anglophone standpoint) any occasionally be used to denote chinese people.
'cher / tcher,corruption & abbreviation of teacher.
chicken business,(from english and cantonese) direct translation of the cantonese slang   _ (lit. 'do chicken') which means to prostitute oneself (chicken is the slang term for a prostitute).
chim / cheem,(from hokkien/teochew  ` lit. 'deep') used to describe something or a situation that is extremely hard to understand or comprehend. wah you hear how he talk so chim hor!
variants include nouns such as chim-ness and chimology (wah this homework damn chimology man!) and chiminology (also cheeminology) (ooi! wat you say i dun understand lah stop using chiminology can or not!).[18] ghil'ad zuckermann defines chiminology as something intellectually bombastic profound and difficult to understand and explains the suffix -inology (rather than -ology) as being based on the english pattern x_xinology deriving from latin-based pairs such as crime_criminology and term_terminology.[18],variants include nouns such as chim-ness and chimology (wah this homework damn chimology man!) and chiminology (also cheeminology) (ooi! wat you say i dun understand lah stop using chiminology can or not!).[18] ghil'ad zuckermann defines chiminology as something intellectually bombastic profound and difficult to understand and explains the suffix -inology (rather than -ology) as being based on the english pattern x_xinology deriving from latin-based pairs such as crime_criminology and term_terminology.[18]
chinaman,(from english) a crude term to call immigrants or foreign workers from the prc.
chin chai,(from hokkien/teochew   m chh_n-chh_i) when applied colloquially it means 'anything' or 'whatever'. used in situations when one does not feel like making a decision and wants another to help him/her make a decision. can also be applied to situations to do something in a half-hearted manner.
chio bu,(from hokkien  n   chhi_-b_) hokkien equivalent of buxom woman. used to describe a woman but in a derogatory manner. however nowadays teenagers often use it to genuinely describe/compliment a pretty girl/woman.
chiong,(from hokkien   ) to rush or to charge.
chiong sua,(from hokkien  Ä¥s lit. 'charge up a hill') otherwise used as a more exaggerated form of chiong. in national service or the singaporean military context the literal meaning may be implied.
chop,(from malay cap which is from hindi ___ _h_p lit. stamp[19]) refers to stamp or seal.[20]
chop chop,(from english) used to tell someone to do something fast.
chope,slang for reserving a seat.[19] derived from chop; to leave a mark. singaporeans have a habit of leaving objects on seats or tables to reserve places (usually tissue packets). sometimes also pronounced as simply chop.
chiu kana kah kah kana lum pah,(from hokkien  â´± y   a     y_ k lit. 'hands like feet feet like testicles') used to describe a clumsy person. see also kah kenna chiu chiu kenna kah.
cmi,(from english) an acronym for can't make it pronounced letter by letter (c m i).
cockanaathan,(from tamil) similar meaning to 'cock fella'. extreme term for useless or stupid.
corright,(from english) shortened corruption/amalgamation of the words correct and right. to confirm that something is correct and right. rarely used.
ta pau / ta pao / ta bao,(from cantonese    ] daa2 baau1) take away (used only when cooked food is concerned). e.g. da bao food
damn,(from english)-ery.
dey,1. (from tamil) to call someone in a friendly informal way. same as hey!. only to be used towards friends or someone of the same age. e.g. dey! what are you doing? 2. they.
diam,see t(h)iam / diam.
du lan,(from hokkien -_ lit. 'poke dick') 1. a swear term that means 'very pissed.' 2. used to describe someone who is very picky and who insists on following the rules literally and blindly with no accommodation for circumstances.
dunnid,a corruption of 'don't need'.
double confirm,confirm and reconfirm. used to emphasize the confirmation. also to emphasize the seriousness of the topic 'triple confirm' is also used.
echerly,corruption of 'actually'.
eeyer,(from colloquial chinese) to express disgust.
encik,(from malay) literally means 'mister' in malay. when used in a military context it is used to address warrant officers in the singapore armed forces. also spelled as encek.
eye power,(from english) sarcastic remark to describe someone who does not contribute in group work and merely watches on; this term is often associated with military officers. the term probably originated from the x-men character cyclops from marvel comics.
gabra,(from malay gelabah) used to describe confusion or disorganisation.[21]
gahmen,mispronunciation of the word government; the omitted v is especially common among people from chinese-speaking backgrounds. in the modern context it is used as a substitute for the actual word when criticizing the government in written form to prevent possible legal action taken against the writer.
garang,(from malay) literally means 'fierce'. used to describe someone as courageous or enthusiastic.
geh geh,(from hokkien) means faking. usually used to describe those who are hypocritical.
geh kiang,(from hokkien lit. 'fake smart') may be used to describe someone who makes rash decisions without thinking or someone who pretends to know what they are doing.
ger,corruption of 'girl'.
get,(from hokkien) pronounced in the same way one would pronounce let. it means to be very cheeky. e.g. eh you know my son very 'get' one hor. when he young that time he broke a lot of my things one you leh?
gone-case,(from english) means that one is doomed.
goondu,(from tamil lit. 'fat') local meaning idiot.[22][23]
gor chiam tua guay gu chia leng,(from hokkien    e j l       lit. 'five cents coin bigger than cart wheel') to think that one's money can go further than it can actually afford.[24]
gostan,(from english go astern) to reverse or go in the backward direction.
guai lan / kwai lan,(from hokkien   _ lit. 'strange dick') arrogent.
handphone,mobile phone. also used in other se asian countries.
hao lian,(from teochew  n_ haon3 li_ng2 lit. 'love to boast/show off') slang term for boast or to describe someone that is narcissistic.
heng,(from hokkien/teochew   ) to be lucky or fortunate. commonly used in conjunction with ah i.e. heng ah.
helication,corruption of education.
horlan,(from english) deliberate mispronunciation of holland. of uncertain origin the term is used to denote finding oneself in a far-off place or unexpected consequence usually unpleasant.
ho liao,(from hokkien  n f) it means done.
hong bao / hongbao,(from mandarin    ]. pronounced ang bao in hokkien) see ang pau / ang pow.
hong gan (liao) / hong kan (liao),(from hokkien _ l( f) lit. 'go get fucked') used when very angry or disappointed. we are screwed.
hosei / ho seh / ho say,(from hokkien  n  ) good; well.
ho seh bo?,(from hokkien  n   f) how are you? see how are you? (tv series).65_
hosei liao,(from hokkien  n Õ¤f) the phrase means 'very good' or 'excellent' and carries the positive connotation of respite. e.g. eh wah the cher never come today ah? hosei liao i never do her homework sia! can also be used sarcastically. e.g. walao you never study for your final papers then still don't want pon? hosei liao! huat (from hokkien  o hoat) to prosper. commonly used in conjunction with ah i.e. huat ah.
hum ji / humji / hum chi / humchi,(from hokkien lit. 'no balls' or 'shrunken balls') a phrase that denominates cowardly behaviour. usually used on males. e.g. walao don't humji la go ask her out! james damn humji sia he see cockroach only he piss his pants sia really cmi.
ini macam,(from malay) like this means to be very certain.
jelak,(from malay) to be overly satiated by food to the point you are repulsed by it particularly food that is too rich.
jiak,(from hokkien/teochew   ) to eat.
jiak chao,(from hokkien/teochew     chia_h chh_u lit. 'to eat grass') 1. being in a situation of having no money for daily expenses (i.e. broke). 2. to play foul in a game (slightly different pronunciation).
jiak zua,(from hokkien/teochew    d lit. 'to eat snake') used of a person who slacks from his duty.
jiak kantang,(from hokkien jiak (eat) and malay kentang (potato) lit. 'eat potato') it is a pejorative term referring to pompous condescending intellectuals who are slightly more educated about western cultures. eating more potato means more westernized than being asian (eating rice). also refers to someone displaying a western english accent that is not authentic: referring to the sound that one would make while attempting to speak with a mouthful of potato.
jia lat / jialat,(from hokkien/teochew    o lit. 'sapping strength') used to describe being in trouble or a terrible situation.
jibai / chee bye / ci bai / chee bai,(from hokkien    y chi-bai lit. 'vagina-cunt')-ulgar term for the female sexual organ; or the english equivalent of 'cunt'. also a general negative expletive/interjection in colloquial speech. abbreviates to cb in digital communication.
jibra,corruption of zebra.
jio,invite. could also mean asking someone out.
jilo / jiro / zilo,corruption of zero.
jom,(from malay) let's go.
kae ang moh,(from hokkien/teochew        lit. 'fake red hair') used of someone who tries to act like a westerner.
kah kenna chiu chiu kenna kah,(from hokkien      y  a â´± y   lit. 'hands like feet feet like hands') used to describe a clumsy person. see also chiu kana kah kah kana lum pah.
kampong / kampung,(from malay) means 'village'.[25][26] figuratively used to refer to one's hometown or place of origin.
kar chng,(from hokkien/teochew  u t kha-chhng) buttocks.
kar pak,parking lot; car park.
kaypoh,(from hokkien    c ke-p_) a busybody.[27] sometimes abbreviated to kpo.
kayu,(from malay) traditionally used to accuse that soccer matches have been fixed with shouts of referee kayu or soccer fans (i.e. that the referee was so blind to foul play from the opposing team by refusing to penalize them that he might as well have been a block of wood). also used to describe lack of spontaneity or wooden behaviour (lit. 'wood').
kee siao,(from hokkien) to go mad. usually this phrase is used in the context of scolding people.
keling kia,(from hokkien) used as a slur. an old name for tamil indians working for british (colonial days). keling or kling name for madras administration by british and kia means people or person.
kena,(from malay) means to be afflicted with or to suffer from something.[28] also pronounced as kana or spelled as gena/genna/kenna.
kena sai,(from malay kena which means 'to be afflicted with' and hokkien  Ë sai which means 'shit') means to get into deep shit or get into deep trouble. when kena is in this context it is more often pronounced as kana sai. another way to use it is kena sai lah! meaning bullshit.
kenz,(from malay) short form of kena.
kerlik,corruption of colleague
ki chia,(from hokkien) die. refers to the loading of a coffin into a hearse. the english equivalent is   up (the) lorry  .
kiam,(from hokkien/teochew  w ki_m) 1. salty. 2. used to describe a stingy or frugal person.
kiam pa(h),(from hokkien      lit. 'owe a beat') used to say that (the appearance or actions of) an individual evokes a desire to physically hit them.
kiasi,(from hokkien  a   lit. 'afraid of dying') used in the same manner as kiasu.
kiasu,(from hokkien/teochew  a_) literally means to be afraid of losing.[25][28]
kilat,(from malay lit. 'shining') means 'excellent'. commonly used in the military.
kong ka kiao,(from hokkien) die.
kopi,(from english/malay) coffee. e.g. lim kopi (drink coffee).[29] see #types of coffee.
kopi tiam / kopi-tiam / kopitiam,(from malay and hokkien  @ Ø©  ka-pi-th_am) literally means 'coffee shop'. 'coffee shop' in singapore refers to food centre.
ku ku jiao,crude term. refers to the male genitalia. also ku ku bird.
la(h),(from chinese/cantonese   ) interjection. tagged at the end of a sentence as an exclamation but pronounced differently in questions.[30][31][32] used mainly at the end of both phrases and sentences. most speakers prefer ah at the end of questions.
lan jiao,(from hokkien/teochew __/ z_ l_n-chi_u) means guy's private part (crude). see also si mi lan jiao.
lao lan,arrogant; egoistic; pretentious the same meaning as xia lan.
lao pei huet,(from hokkien/cantonese  y   ) to have a nosebleed. typically used as a reaction upon seeing a pretty girl.
lao sai,(from hokkien/teochew  Ô« ) means diarrhoea.
la sai,(from hokkien/teochew lit. 'stir shit') create trouble.
lagi,(from malay) means to want more of something.
leh,(from chinese   ) tagged at the end of a sentence in a similar manner as lah. used to emphasize the sentence.
leh chey,(from malay leceh) a gnarly troublesome problem or situation
lepak,(from malay) has the same meaning as relaxing.[33] e.g.: let's go lepak one corner.
liao,(from hokkien/chinese  f mandarin: li_o) means 'already' or 'over' or generally indicates the past tense. sometimes used as a substitute for the already used in singlish especially by chinese-speaking people. sometimes also pronounced as the mandarin le (light tone) by chinese speakers.
liek boh kiew / liak bo kiu,(from hokkien   _ y lit. 'catch no ball'). used when one is unable to comprehend what others are saying. see catch no ball.
liddat,(from english) like (akin to) that. e.g. liddat oso can!?
limbu / lim bu,(from hokkien Ñ¡   l_n-b_ lit. 'your mother') an arrogant way to say i (female).
limpeh / lim peh / limpei,(from hokkien Ñ¡   l_n-p_ lit. 'your father') an arrogant way to say i (male).
lobang,(from malay) malay word which means 'hole' 'gap' or opening'; also used to describe an opportunity or chance.
lombang,(from hokkien/chinese) pronounced with a round o (lomh-bang) is from malay tumpang which means 'to hitch a ride'. may also be pronounced and written as lobang.
long zhong / long zong,(from hokkien/teochew __) altogether.
lor,(from cantonese  o lo1) tagged at the end of a sentence in a similar manner as lah. used to emphasize and indicate that what was said should be obvious to the listener self-evident or to express inevitability.
luan,(from hokkien/mandarin _) hokkien word which means very messy. e.g. eh you very luan ah. you everytime lose your things siao meh?
lun zun,(from cantonese    Ï¡leon6 zeon6) means careless or clumsy.
macam,(from malay) like; means to resemble something.
mader,corruption of mother.
mafan,(from cantonese/mandarin  Â· ) troublesome.
mah,(from mandarin    m_) usually tagged at the end of a sentence to seek agreement or argue a point. for example cannot like that mah.
makan,(from malay) to eat.[34]
makcik,(from malay) an auntie persona.
malu,(from malay) embarrassing; usually used when one makes a fool of him/herself.
mampat,(from malay) tight/firm. usually referring to a woman's posterior or clothing.
mang zang,(from cantonese __ mang2 zang2) means irritable or easily annoyed.
masak-masak,(from malay) child's play. masak by itself refers to cooking.
mati,(from malay) literally means 'to die'. die in the singaporean slang context means to be doomed.
mata,(from malay) literally means 'eye'. used as a reference to the police.
meh,(from cantonese    me1) usually tagged at the end of a negative question to indicate someone is exploiting a possible loophole as in mata said cannot park here but i'm parking over there. cannot meh? or to (somewhat derisively) indicate capabilities heretofore unknown as in just because you never see me running you think i cannot meh?
mong cha cha,(from cantonese Ã© d d mung4 caa4 caa4) to behave in a blur manner and be unaware of what is going on around.
mug,(from english) to cram (for academic tests). used interchangeably with/instead of the word study.
neh neh,(from hokkien     ) a woman's chest or breasts.
neh neh pok,(from hokkien       ) nipples.
ngeow,(from hokkien/teochew    lit. 'cat') 1. used to describe someone who is overly meticulous or tries to find fault in everything. 2. used to refer to someone stingy.[35]
nia,(from teochew) common used to depict the meaning of only. it is of a belittling tone. may also be used to downplay intensity.
nia gong,(from teochew) direct translation of 'your grandfather'.
nia gong de ji dan,(from hokkien/teochew) direct translation of your grandfather's egg.
no horse run,original hokkien expression __   (b_ b_ ch_u) used in horse racing jargon to describe a champion horse which is way ahead of the field. used to describe things (food usually) which are ahead of their peers. see also boh beh zao.
o$p$,owe money pay money. an english translation of the chinese expression   ___. used in threats from loan sharks who would usually scrawl this in markers or spray paint outside debtors' units.
obasan,(from japanese _ c__ ob_san) used to describe someone sloppily dressed and out of fashion. usually women in an old faded t-shirt and cheap shorts carrying a plastic bag.
obiang,(unknown etymology possibly from hokkien or malay) used to describe someone or something that is desperately out of fashion. other variations include orbit.
orbi,(unknown etymology) may be used as a single term or combined to form orbi quek or orbi good which means 'serves you right'.
ord,(from english) short-form of operationally ready date which refers to the date on which a national serviceman completes his full-time stint of national service. and what older national servicemen called their rod or run out date.
ord loh,army slang. an exclaim made by servicemen close to completing his two-year mandatory service term in the army to provoke jokingly his counterparts who have yet to see the end of their service terms.
orh,(from english) shortened from okay meaning yes understood.
orh hor,used when someone has done something wrong and will now be in trouble.
oso,(from english) also.
ownself,himself/herself/myself/yourself/oneself...
pai kia,(from teochew   _ ph_i_-ki__ lit. 'bad kid') teochew slang for 'hooligan' or 'gangster'. commonly used to scold kids who don't appreciate their parents.
pai seh / paiseh,(from hokkien   _ ph_i_-s_) means to be embarrassed. usually used as an apology after making an embarrassing mistake.
pak chiu cheng (pcc),(from hokkien) fire hand gun or to masturbate.
pak zam,(from hokkien/teochew   _) literally means 'needle injection'. used to describe something faulty or not usable.
pak tor / paktor,(from cantonese    ) to go on a date. colloquially refers to general physical intimacy.
pang chance,(from hokkien/teochew) to give chance.
pang sai,(from hokkien/teochew   Ë p_ng-s_i) to defecate.
pang seh,(from hokkien    ) hokkien slang for to be stood up (at an appointment) or cancelled upon at the last minute. not to be confused with 'pang sai'.
pang jio,(from hokkien/teochew   ) to urinate.
pariah,(from tamil) 1. used to describe something unsightly or disgusting. 2. used to describe the lowest and most unsightly caste (paraiyar gravediggers and sewerage in ancient india). 3. in modern times it is also used to describe something or someone of low quality.
pasar malam,(from malay) refers to the night markets.[36][37]
photostat,(from english) photocopy.
pia,(from hokkien/teochew    pi_nn) to work hard at something or to rush something (such as homework).
piak piak,(from hokkien) to have sexual intercourse.
pok kai,(from cantonese     puk1 gaai1 lit. 'to fall into the street') 1. to go broke. 2. used to curse people.
pon,(from malay) short form of 'ponteng'. to play truant. e.g. want pon school today?
powderful,corruption of powerful.
pai tao,to make plans with your friends and decide to not show up.
puki,(from malay)
pundek- (from tamil),vulgar term of the female sexual organ.
rabak,(from malay) a situation out of hand.
rabz,(from malay) short form of rabak.
rabz-kebabz,(from malay) an out-of-control situation usually with negative connotations. everyone was so drunk damn rabz-kebabz.
sabo,(from english sabotage) to play a trick on someone with a related meaning of getting someone else in trouble.[38]
sakar,(from malay) to flatter to lick one's boots. derived from malay meaning 'sugar' although the malay word for sugar is actually gula which may have been derived from hindi 'sakar' or 'sakkar' meaning 'sugar' and 'sweet words' and ultimately from persian 'shakar' meaning 'sugar' 'sweet'.
saman,(from malay) used for traffic summons. derived from the english word summons. (lit. 'to fine'/'summon').
sampat,(from hokkien) mainly used to describe a female who is a combination of: silly /crazy/ wacky/ sassy/ short-circuit in the head. different from 38.
sam seng,(from hokkien/teochew  t   sa_-seng) gangster. also sam seng kia ( t   _ sa_-seng-ki__).
sargen,corruption of 'sergeant'.
sei,(from hokkien _) steady.
see first,a short form of wait and see what happens; we  ll see. most often used when procrastinating and putting off plans to be considered later. a variant of this phrase is see how first.
sekali,(from malay) lest what if. pronounced scar-ly.
shame shame,childish slang meaning of very disgraceful or embarrassing.
shiok,(from punjabi/malay) to express sheer delight with an experience especially when eating great food. popularly exclaimed in a single word shiok! or combined with another. e.g. shiok man! so shiok!
showflat,(from english) an event held by an estate agency that spans several weeks to promote a housing project usually condominiums.
sia(h),(from malay) an exclamation.
siam,(from hokkien/teochew _ si_m) get out of the way! considered rude but effective.
sian / sien,(from hokkien/teochew _ si_n) bored tired or sick of something.[39]
siao,(from hokkien/teochew Ú´) 1. crazy. used in response to a silly suggestion. 2. an offensive term used to address a friend. 3. used to refer to somebody who is a fanatic. he siao bicycles is saying that someone is crazy about bicycles.
sia suay,see xia suay.
sibe(h) / si be(h),(from teochew      si2-b_6 lit. a curse vulgar word meaning 'dead father') similar to 'very'. interchangeably used in singaporean hokkien and singlish.
simi / si mi,(from hokkien  Æª  s_m-mi_h may also be written as Ô£   or Ô£ } mandarin equivalent:    \) what?
x (verb) simi x,a literal translation of x   \x in chinese. what/why are you... in a derogatory sense. e.g. kwa simi kwa!? / look simi look!? (what are you looking at!?)
si mi lan jiao,(from hokkien  Æª  z_ lit. 'what dickhead?') a much more derogatory term of what's up? or an exclamation to the effect of wtf.
si mi tai dzi,(from hokkien  Æª  n x) what's up? when accommodated with a lah at the end it could also mean what again? in an irritated manner.
sod,(from cantonese/english) used to express a machine person or object that has gone mental or haywire. localization of the word short from english term short circuit.
song,(from hokkien/cantonese  n lit. 'refreshing') used to express pleasure or excitement. same meaning as shiok.
sozai / sor zai,(from cantonese  Ì¥j so4 zai2 lit. 'silly guy') used to express 'silliness'. example: these people are so sor zai one.
sotong,(from malay lit. 'squid') 1. forgetful or not knowing what is going on. e.g. blur like sotong (extremely clueless) 2. spineless or without principles like the cuttlefish.
steady pom pi pi,(from unknown) used to describe someone who keeps their cool under pressure or in the face of a massive crisis.
suay,(from hokkien/teochew  i soe) unlucky.[40]
suka,(from malay) like.
suku,(from malay/teochew) from the malay for a quarter. meaning of silly or foolish or only a quarter there.
sui / swee,(from hokkien _/  ) 1. nicely/just right/perfect. 2. clean neat & tidy. 3. pretty; beautiful (often used to describe a pretty woman) written as    in standard chinese.
swaku,(from hokkien  s_ soa_-ku lit. 'mountain tortoise') not well informed or backward; a country bumpkin.
tahan,(from malay) handle; tolerate commonly used as 'i cannot tahan' meaning i can't bear it or i cannot tolerate.
tai ko / tyco,(from hokkien) lucky (only used sarcastically). literally 'leper'.
tak boleh,(from malay) cannot.
tak boleh tahan,(from malay) literally means cannot endure. used when someone is suffering from pain or when you couldn't wait upon something.
talk cock / tok kok,vulgarity meaning of talking nonsense/senselessly and gibberish or engage in idle banter. probably originated from the english expression cock and bull story or its equivalent talking gibberish  x english slang for talking nonsense.
tan ku ku,(from hokkien    [ [ lit. 'wait long long') hokkien phrase meaning forget it it won't happen.
ta pau / ta pao,see da bao.
tau pok,(from chinese) literally means 'fried tofu'. by students who throw themselves on one another in a pile usually for fun or to bully. special cases with vertical tau pok where a person gets squashed against a vertical object found in mrts on a crowded day.
teh,(from malay) tea. refer to kopi/coffee for more information about the different types of orders for tea and coffee common in singapore.
tekan,(from malay) bully/torture/put under pressure. military slang for punishments.
terbalik / tembalik,(from malay) opposite/upside-down/inside-out. also pronounced dom-ba-lek.
t(h)iam / diam,(from hokkien/malay) if used as an imperative a very rude way of saying shut up! or please be quiet but it literally means 'quiet' and can be used as in doing guard duty on holidays is very sian but also very diam since nobody is here.
tio,(from hokkien/teochew  Û tio_h mandarin equivalent:    zh_ng) 1. to get. (synonym: kena though it is used in different but overlapping contexts). usually used as a verb. e.g. he tio scolded by teacher. the car owner tio saman. 2. to accurately choose something. e.g. he always play 4d (lottery) and this time he tio so he won big jackpot.
tir ko pek,(from hokkien) a lecherous man.
toot,stupid/silly [person].
towkay / tow kay,(from malay tauke or hokkien _ a th_u-ke) boss.
tsai / zai,(from hokkien  ~ ts_i) to be very good at something.
twa kee,(from hokkien  j k) used to describe big people or famous people.
ulu,(from malay) used to describe a rural or remote area or country bumpkin.[41] commonly found in road names around singapore as well (e.g. ulu pandan).
un,(from english/cantonese) abbreviation for 'understand' was once used widely in hong kong.
understooded,(from english) corruption of understood.
up lorry,(from hokkien/malay)
very the,(from english/chinese) singlish phrase emphasising 'very' directly transliterated from the chinese  d ` a (f_i ch_ng de) which means the same. usually employed with a clearly sarcastic tone.
vomit blood,a literal translation of the chinese expression  r   which usually means to experience an extreme or unendurable difficulty or irritation. vomit is often prounced womit.
wa(h) lan (eh),(from hokkien/teochew   _ lit. 'oh my penis') crude derivative of wah lau.
wa(h) lao (eh) / walao (eh) / wah lau (eh) / walau (eh) (from hokkien/teochew  Ú¦  lit. 'my elderly'),exclamation of shock. what the hell.
wa(h) kao / wakao,(from chinese  z a w_ k_o) exclamation of shock. what the fuck.
wa(h) se(h),(from hokkien/teochew  z  wah seh) exclamation of shock. what the fuck.
wayang,(from malay) literal for puppetry theatrical. means 'acting' or 'for show'.
white horse,(from english) the son of a government official and/or some other influential person. the term is derived from the drawing of a white horse that used to appear at the bottom left-hand corner of the computer screen displaying patient information when said scion visits his camp's medical officer.
womit,mispronunciation of 'vomit'.
xia lan,(from hokkien) arrogant; egoistic; pretentious.
xia suay / sia suay,(from hokkien/teochew _ i /  m i si_-soe)[42] disgrace; embarrassment. unlucky.
yandao,(from hokkien _  i_n-t_u) a handsome male.
yaya papaya,used to describe someone who's proud arrogant or showing off; often with disappointing outcomes. i.e. our football team's striker is damn yaya papaya always try to solo dribble until lose the ball.
your head,mild curse used to disabuse someone of his or her erroneous assumption. directly transliterated from chinese  a  _ or  a__. often used in conjunction with the word ah i.e. your head ah.
zai,see tsai / zai.
zao hor,(from hokkien) impressive.
zao kng,(from hokkien) to accidentally expose oneself.
zha bo,see char bor.
zhun,(from chinese   /   hokkien: ch_n mandarin:zh_n) accurate.
zhun bo,(from hokkien/teochew   _ ch_n-b_ lit. 'accurate or not?') means are you sure or not?
zilo,zero. see jilo / jiro / zilo.
zi siao,(from hokkien _   th_-si_u) to disturb ridicule or tease.
char kway teow,(from hokkien/teochew) fried flat rice noodles with bean sprouts chinese sausages eggs and cockles in black sweet sauce with or without chilli.
chwee kueh,(from teochew    _) cup-shaped steamed rice flour cakes topped with preserved vegetables (usually radish) and served with or without chilli.
hokkien char mee,(from hokkien  Ö«Øª    lit. 'fujian fried noodles') refers to the kuala lumpur hokkien noodle. it is a dish of thick yellow noodles braised in thick dark soy sauce with pork squid fish cake and cabbage as the main ingredients and cubes of pork fat fried until crispy.
hokkien hae mee,(from hokkien  Ö« _   lit. 'fujian prawn noodles') refers to either the penang prawn noodle or singapore prawn noodle. soup-based (penang) and stir-fried (singapore). egg noodles and rice noodles with no dark soya sauce used. prawn is the main ingredient with slices of chicken or pork squid and fish cake. kang kong (water spinach) is common in the penang version.
ice kacang,(from malay) crushed ice with flavoured syrup poured into them. beans and jelly are usually added as well.
kangkong / kangkung,(from malay) water spinach / ipomoea aquatica.
kaya,(from malay) local jam mixture made of coconut sugar and egg of straits chinese origins.
roti-kaya,(from malay) toasted bread with kaya.
mee goreng,(from chinese/malay) malay fried noodles.
otah,(from malay) fish paste wrapped in banana leaf or coconut leaves and cooked over a charcoal fire. southeast asian influence
popiah,(from hokkien) chinese spring rolls (non-fried). various condiments and vegetables wrapped in a flour skin with sweet flour sauce. condiments can be varied but the common ones include turnip bamboo shoots lettuce chinese sausage prawns bean sprouts garlic and peanut. origins from china. hokkien and straits chinese (nonya) popiah are the main versions.
rojak,(from malay) local salad of malay origins. a mixture of sliced cucumber pineapple turnip dried beancurd chinese doughsticks (youtiao) bean sprouts with prawn paste sugar lotus buds and assam (tamarind).
roti john,(from malay/english) indian version of western hamburger consisting of two halves of french loaves fried with egg and minced beef/mutton. colonial origins.
tauge / taoge / taugeh / taugey,(from hokkien    Þ t_u-g_) bean sprout.
tau gee,(from hokkien    k t_u-ki) dried bean stick; dried beancurd strips in sticks or rolls.
tze char,(from hokkien  n   ch_-chh_) literally meaning cook and fry. a general term for food served by mini restaurants in local hawker stalls serving restaurant-style chinese dishes like fried noodles sweet and sour pork claypot tofu etc.
teh,(from hokkien/malay    t_) tea.
teh-o,(from hokkien   _ t_-o lit.'black tea') tea without milk but instead with sugar.
teh-o-ice-limau,(from hokkien-english-malay) home brewed iced lemon tea.
teh-c,(from hokkien/hainanese) tea with evaporated milk. the c refers to the evaporated milk derived from hainanese see/xi which sounds like alphabet 'c' in hainanese see gu-nin refers to evaporated or fresh (see/c) milk (gu-nin) e.g. king of kings or carnation as many coffeeshops and related businesses are operated by hainanese people in earlier days and even today.
teh-cino,(from hokkien) milk layered with tea on top (similar to latte macchiato) though its name hints towards a tea version of cappuccino.
teh-peng,(from hokkien    b t_-peng) iced milk tea sweetened with condensed milk.
teh-poh,(from hokkien      t_-po_h) weak or thin tea.
teh-kosong,(from hokkien/malay) plain tea.
teh-kah-dai,(from hokkien/foochow) milk tea sweetened with condensed milk with more sugar.
teh-siu-dai,(from hokkien/foochow) milk tea sweetened with condensed milk with less sugar.
teh-pua seo,(from hokkien    b_ t_ pu_nn-sio) luke-warmed tea.
teh-o-kah-dai,(from hokkien/foochow) tea with more sugar.
teh-o-siu-dai,(from hokkien/foochow) tea with less sugar.
teh-c-kah-dai,(from hokkien/hainanese/foochow) milk tea with more sugar.
teh-c-siu-dai,(from hokkien/hainanese/foochow) milk tea with less sugar.
teh-packet or teh-pao,(from hokkien    ] t_ pau) tea to go.
teh-tarik,(from malay) 'pulled' tea with milk a malay specialty.
teh-halia,(from malay) tea with ginger extract.
teh-halia tarik,(from malay) pulled tea with milk (teh tarik) and ginger.
tiao he / tiau hir,(from hokkien __ ti_-h_ lit. 'fishing') teabag in hot water. reference to dipping of teabag.
kopi,(from malay/hokkien  @ Ø ka-pi) coffee.
kopi-o,(from malay/hokkien  @  _ ka-pi-o lit. 'black coffee') coffee with sugar but no milk.
kopi-c,(from malay/hainanese) coffee with evaporated milk. the c refers to the evaporated milk derived from hainanese see/xi which sounds like alphabet c in hainanese see gu-nin refers to evaporated or fresh (see/c) milk (gu-nin) e.g. king of kings or carnation as many coffeeshops and related businesses are operated by hainanese people in earlier days and even today.
kopi kosong,(from malay) substitutes condensed for evaporated milk
kopi-peng,(from malay/hokkien  @ Ø¦b ka-pi-peng) coffee with ice.
kopi-packet / kopi-pao,(from malay/hokkien  @ Ø¥] ka-pi-pau) coffee to go.
kopi-pua seo,(from malay/hokkien  @ Ø¥b_ ka-pi-pua-sio) luke-warmed coffee.
kopi-gao,(from malay/hokkien  @ Ø«p ka-pi k_u) thick coffee.
kopi-poh,(from malay/hokkien  @     ka-pi-poh) weak or thin coffee.
kopi-kosong,(from malay/hokkien) plain coffee.
kopi-kah-dai,(from malay/foochow) coffee with more sugar.
kopi-siu-dai,(from malay/foochow) coffee with less sugar.
these terms can be combined together. for example strong iced coffee with evaporated milk and sugar would be called   kopi-c gau peng.  [43],these terms can be combined together. for example strong iced coffee with evaporated milk and sugar would be called   kopi-c gau peng.  [43]
bandung (drink),(from malay) rose syrup-milk drink of indian origins. (goat's milk was used in the old days).
ice kosong,(from english-malay) iced water.
horlick-dinosaur,(from english) iced horlicks with extra scoop of horlicks powder on top.
horlick-sio,(from hokkien-english) hot horlicks.
horlick-peng,(from hokkien-english) iced horlicks.
milo-sio,(from hokkien-english) hot milo.
milo dinosaur,(from english) iced milo with extra scoop of undissolved milo powder on top.
milo-peng,(from hokkien-english) iced milo.
tak kiu,(from hokkien   y lit. 'play football' or 'play soccer') milo; nestl_ milo often uses soccer and other sports as the theme of its advertisement.
tak kiu-peng,(from hokkien) iced milo.
007,007
1.5,1.5
302,302
aa,aa
abang,abang
acar achar,acar achar
act blur,act blur
action,action
adoi,adoi
agak,agak
agaration,agaration
agar-agar,agar-agar
ah,ah
ah ah,ah ah
ah beng ah beng,ah beng ah beng
ah chek,ah chek
ah gua,ah gua
ah huay ah huay,ah huay ah huay
ah kor,ah kor
ah kua ah kwa,ah kua ah kwa
ah lian ah lian,ah lian ah lian
ah long ah long san,ah long ah long san
ah pek,ah pek
ah qua,ah qua
ah soh,ah soh
ah-balling,ah-balling
air-con,air-con
air-level,air-level
aiyah,aiyah
aiyoh,aiyoh
a-jay,a-jay
ak,ak
akshen aje,akshen aje
aksi borak,aksi borak
alamak,alamak
ali baba bag,ali baba bag
amacam,amacam
ambilla labu,ambilla labu
ang ku kueh,ang ku kueh
ang moh,ang moh
angkat,angkat
angkat bola,angkat bola
angkoli,angkoli
angkoo kueh,angkoo kueh
angpow,angpow
anyhow,anyhow
anyhow whack,anyhow whack
appom,appom
aq,aq
ar,ar
ar ka chi,ar ka chi
ar ka liau,ar ka liau
ar lip bo ar chut,ar lip bo ar chut
arbuthen,arbuthen
arboling,arboling
ardeh,ardeh
argable,argable
arrow,arrow
art buah,art buah
assam,assam
assam laksa,assam laksa
assam pedas,assam pedas
atas,atas
attap chee,attap chee
attend b,attend b
attend c,attend c
auntie,auntie
ayam buah keluak,ayam buah keluak
ayam penyet,ayam penyet
ayam percik,ayam percik
ayam sio,ayam sio
ay-jay,ay-jay
babi pongteh,babi pongteh
bag of balls,bag of balls
bak,bak
bak chang,bak chang
bak chor mee,bak chor mee
bak kua,bak kua
bak kut teh,bak kut teh
bak kwa,bak kwa
bakwan kepiting,bakwan kepiting
balek,balek
balek kampung,balek kampung
balls drop,balls drop
balls shrink,balls shrink
balukoo,balukoo
ban mian,ban mian
banana,banana
banana money banana note,banana money banana note
bandung,bandung
bapok,bapok
barang-barang,barang-barang
basha,basha
basket,basket
batang,batang
bayam,bayam
bayee,bayee
bedek,bedek
beef ball,beef ball
beef rendang,beef rendang
beehoon,beehoon
beehoon pattaya,beehoon pattaya
beggar  s chicken,beggar  s chicken
beh keng,beh keng
belacan,belacan
belanja,belanja
beng,beng
bengkok,bengkok
bergedel,bergedel
bgr,bgr
bhai,bhai
bible,bible
bishop  s nose,bishop  s nose
bittergourd,bittergourd
black bean sauce,black bean sauce
black fungus,black fungus
blank,blank
blank file,blank file
blanket party,blanket party
bludder,bludder
blue ginger,blue ginger
blue thunder,blue thunder
blur,blur
act blur,act blur
blur king,blur king
blur like sotong,blur like sotong
bo,bo
bo chap,bo chap
bo cheng hu,bo cheng hu
bo hew,bo hew
bo hiu,bo hiu
bo hua,bo hua
bo idea,bo idea
bo lin chu,bo lin chu
bo min,bo min
bo pakeh,bo pakeh
bo peng yau si,bo peng yau si
bo pian,bo pian
bo sui,bo sui
bobo,bobo
bodoh,bodoh
bogay,bogay
boh,boh
boleh,boleh
botak,botak
bottlecaps,bottlecaps
briyani,briyani
buah cheri,buah cheri
buah duku,buah duku
buah susu,buah susu
buat bodoh suak,buat bodoh suak
buay,buay
buay song,buay song
buay tahan,buay tahan
buay zai,buay zai
buaya,buaya
bubble tea,bubble tea
bubor chacha,bubor chacha
bubor terigu,bubor terigu
bulat,bulat
bungalow,bungalow
burger ramly,burger ramly
burned burnt,burned burnt
butoh,butoh
cabut chabut,cabut chabut
cake lapis,cake lapis
calafare,calafare
campong,campong
can die,can die
cannot make it,cannot make it
capteh,capteh
cari makan,cari makan
carrot cake,carrot cake
carry,carry
carry balls,carry balls
cartoon,cartoon
catch no ball,catch no ball
cb,cb
cb leaf,cb leaf
century egg,century egg
cha tow peng,cha tow peng
chabut,chabut
chai poh,chai poh
chai sim,chai sim
cham sheung,cham sheung
chandu,chandu
change parade,change parade
change underwear,change underwear
changkul,changkul
chao,chao
chao chee bye,chao chee bye
chao kang,chao kang
chao keng,chao keng
chao kuan,chao kuan
chao private,chao private
chap chye,chap chye
chap go mei,chap go mei
chap ji ki,chap ji ki
chapalang,chapalang
chapteh,chapteh
char kway teow,char kway teow
penang char kway teow,penang char kway teow
char siew,char siew
char siew fun,char siew fun
char siew noodles,char siew noodles
char siew pau,char siew pau
char siew rice,char siew rice
char siew su,char siew su
chapalang,chapalang
chari makan,chari makan
chari point,chari point
chatek,chatek
chau peng,chau peng
chaybah,chaybah
cheapo,cheapo
chee bye,chee bye
chao chee bye,chao chee bye
chee bye leaf,chee bye leaf
chee cheong fun,chee cheong fun
chee sin,chee sin
cheeko,cheeko
cheeko pek,cheeko pek
cheem,cheem
cheemology,cheemology
cheena,cheena
cheh,cheh
chempedak,chempedak
chendol,chendol
cheng tng,cheng tng
chengai,chengai
cheong fun,cheong fun
chhek,chhek
chhun,chhun
chia,chia
chia bo liau,chia bo liau
chia chua,chia chua
chia giu,chia giu
chia hi,chia hi
chia hong,chia hong
chia kentang,chia kentang
chia lat,chia lat
chiah chiak,chiah chiak
chicken backside,chicken backside
chicken-feed,chicken-feed
chicken rice,chicken rice
chicken rice balls,chicken rice balls
chiku,chiku
chilli padi,chilli padi
chim,chim
chin chai,chin chai
chin chow,chin chow
chinchalok,chinchalok
chindian,chindian
chinese helicopter,chinese helicopter
ching ming festival ching ming,ching ming festival ching ming
chingay,chingay
chingei,chingei
chio,chio
chitty melaka,chitty melaka
chochok,chochok
chop,chop
chop-chop kali pok,chop-chop kali pok
chope-.,chope-.
chope int.,chope int.
choy,choy
chua,chua
chum,chum
chuppie,chuppie
chwee kueh,chwee kueh
chye png,chye png
chye por,chye por
chye sim,chye sim
chye tow kuay,chye tow kuay
cina,cina
cincaluk,cincaluk
claypot,claypot
claypot rice,claypot rice
climb on top,climb on top
clown,clown
cmi,cmi
co ok?,co ok?
cock,cock
cock stand,cock stand
talk cock,talk cock
cock-up,cock-up
cocok,cocok
coconut,coconut
coffee shop,coffee shop
commando,commando
condemned,condemned
confine,confine
confinement,confinement
coo coo cheow,coo coo cheow
cooling,cooling
cowboy,cowboy
crab,crab
curry devil,curry devil
currypok,currypok
d&d,d&d
deepavali,deepavali
deh,deh
devil curry,devil curry
dhobi,dhobi
dhobi mark,dhobi mark
diao he,diao he
ding dong,ding dong
die-die,die-die
dirty,dirty
dodol,dodol
dot dot dot,dot dot dot
double,double
double-boiled,double-boiled
dragon boat festival,dragon boat festival
drop,drop
drunken,drunken
drunken chicken,drunken chicken
drunken prawns,drunken prawns
dry,dry
duku,duku
duku-langsat,duku-langsat
dumpling festival,dumpling festival
eat salt,eat salt
ee,ee
ee fu noodles,ee fu noodles
ee meen,ee meen
ee-yer,ee-yer
eff you,eff you
egg prata,egg prata
eh,eh
elephant,elephant
encik,encik
exercise,exercise
eye power,eye power
fa cai,fa cai
face,face
give face,give face
lose face,lose face
save face,save face
fan choy,fan choy
fat choy,fat choy
feng,feng
fever high,fever high
fire in the hole,fire in the hole
fire-walking,fire-walking
fishball,fishball
fishcake,fishcake
five-foot way,five-foot way
five-spice powder,five-spice powder
five stones,five stones
fly aeroplane,fly aeroplane
fly kite,fly kite
flying low,flying low
foochow,foochow
fork and spoon,fork and spoon
free and easy,free and easy
fu chuk,fu chuk
fu yu,fu yu
fuck n.,fuck n.
fuck-.i.,fuck-.i.
fuck upside down,fuck upside down
fuck spider,fuck spider
fucked-up,fucked-up
fuckshop,fuckshop
g,g
gabra,gabra
gabra king,gabra king
gabra like zebra,gabra like zebra
gado gado,gado gado
gahmen,gahmen
gan shui,gan shui
gao ding,gao ding
garang,garang
gasak,gasak
geng,geng
gerek,gerek
getai,getai
gila,gila
give face,give face
glam,glam
glass noodles,glass noodles
go fly kite,go fly kite
goblock,goblock
goli,goli
gone case,gone case
gong n.,gong n.
gong gong-gong a.,gong gong-gong a.
gong-gong n.,gong-gong n.
goondu,goondu
gorblock,gorblock
goreng,goreng
goreng pisang,goreng pisang
gostan,gostan
grago,grago
grandfather  s,grandfather  s
grandfather  s army,grandfather  s army
green bean,green bean
green bean soup,green bean soup
gso,gso
gu niang,gu niang
gula melaka,gula melaka
sago gula melaka,sago gula melaka
guo tie,guo tie
habis,habis
hae ko,hae ko
hae mee,hae mee
haebee,haebee
hah,hah
hainanese,hainanese
hainanese chicken rice,hainanese chicken rice
hainanese pork chop,hainanese pork chop
hainanese steamboat,hainanese steamboat
hakka yong tau fu,hakka yong tau fu
halal,halal
half past six,half past six
ham shap,ham shap
hami melon,hami melon
hammer,hammer
handphone,handphone
hantam,hantam
haolian,haolian
har gau,har gau
har lok,har lok
haram,haram
hari raya haji,hari raya haji
hari raya puasa,hari raya puasa
hashima,hashima
hati babi,hati babi
havoc,havoc
hawker,hawker
hawker centre,hawker centre
hawker stall,hawker stall
hay bee,hay bee
hay bee hiam,hay bee hiam
hay cho,hay cho
hay ko,hay ko
hay mee,hay mee
haywiring,haywiring
heartlander,heartlander
heartware,heartware
heaty,heaty
heck care,heck care
hee peow,hee peow
helicopter,helicopter
hell money,hell money
heng,heng
henghwa,henghwa
hentam,hentam
hentam bola,hentam bola
hentam kaki,hentam kaki
heow,heow
hex,hex
hiao,hiao
hiau,hiau
hilang,hilang
hinghwa,hinghwa
ho say,ho say
hoi sin sauce,hoi sin sauce
hokchew hokchiew,hokchew hokchiew
hokkien,hokkien
hokkien mee hokkien fried mee,hokkien mee hokkien fried mee
hokkien peng,hokkien peng
hongbao,hongbao
hor,hor
hor fun,hor fun
ipoh hor fun,ipoh hor fun
sam lo hor fun,sam lo hor fun
hor miah,hor miah
horn,horn
horrigible,horrigible
hotplate,hotplate
hotpot,hotpot
huat kueh,huat kueh
hum chim peng,hum chim peng
hungry ghost festival,hungry ghost festival
ic1,ic1
ic2,ic2
ice jelly,ice jelly
ice kacang,ice kacang
iceball,iceball
idiappam,idiappam
idle king,idle king
ikan bilis,ikan bilis
ikan kicap,ikan kicap
ikan kuning,ikan kuning
ikan merah,ikan merah
inche,inche
indian chief,indian chief
indian rojak,indian rojak
ipoh hor fun,ipoh hor fun
iron rice bowl,iron rice bowl
is it?,is it?
itchy,itchy
itek tim,itek tim
jaga,jaga
jalan,jalan
jalan-jalan,jalan-jalan
jangan tension,jangan tension
jelak,jelak
ji siao,ji siao
jia lat,jia lat
jiao zi,jiao zi
joe,joe
jube,jube
jut,jut
ka ki nang,ka ki nang
kacang,kacang
ice kacang,ice kacang
kacang pool,kacang pool
kacang putih,kacang putih
kacau,kacau
kachang,kachang
kai lan,kai lan
kaki,kaki
kalang kabok,kalang kabok
kalang kabut,kalang kabut
kali pok,kali pok
kampung,kampung
balek kampung,balek kampung
kampung chicken,kampung chicken
kan cheong,kan cheong
kan cheong spider,kan cheong spider
kan ni na,kan ni na
kan ni na bu chao chee bye,kan ni na bu chao chee bye
kana,kana
kancheong,kancheong
kang he kia,kang he kia
kang tao,kang tao
kangkong,kangkong
kantang,kantang
kao peh kao bu,kao peh kao bu
kapuk,kapuk
karang guni,karang guni
karung guni,karung guni
karung guni man,karung guni man
katek,katek
kati,kati
katik,katik
katik ayam,katik ayam
kau choi,kau choi
kau kay,kau kay
kau kay choi,kau kay choi
kau kay tzee,kau kay tzee
kay kay,kay kay
kay kiang,kay kiang
kaya,kaya
kaya toast,kaya toast
kaypoh,kaypoh
kaypoh chi,kaypoh chi
kayu,kayu
kebelakang pusing,kebelakang pusing
kee chang,kee chang
kelam kabut,kelam kabut
kelong,kelong
kena,kena
kena sai,kena sai
keng,keng
chao keng,chao keng
keng king,keng king
keng ka liau,keng ka liau
kengster,kengster
kentang,kentang
chia kentang,chia kentang
keoh teoh,keoh teoh
keropok,keropok
ketok,ketok
ketupat,ketupat
khek,khek
khia-khia,khia-khia
khoon,khoon
kiam chye,kiam chye
kiao kar,kiao kar
kiao kar yo lum pa,kiao kar yo lum pa
kiasi,kiasi
kiasi-ism,kiasi-ism
kiasu,kiasu
kiasuism,kiasuism
kiasu-ness,kiasu-ness
kilat,kilat
kin,kin
king,king
kitchi,kitchi
kiv,kiv
kiwi,kiwi
kling,kling
kon lo meen,kon lo meen
kong bak pau,kong bak pau
koo niang,koo niang
koon,koon
koon king,koon king
kopi,kopi
kopi kah tai,kopi kah tai
kopi kau,kopi kau
kopi kia,kopi kia
kopi kosong,kopi kosong
kopi licence,kopi licence
kopi money,kopi money
kopi peng,kopi peng
kopi po,kopi po
kopi siew tai,kopi siew tai
kopi susu,kopi susu
kopi-c,kopi-c
kopi-chino,kopi-chino
kopi-o,kopi-o
kopi-o kosong,kopi-o kosong
kopitiam,kopitiam
korban korban,korban korban
koro,koro
kosong,kosong
kotek,kotek
koyak,koyak
kuachi,kuachi
kuah lang,kuah lang
kuah midnight,kuah midnight
kuai lan,kuai lan
kucing kurap,kucing kurap
kueh,kueh
ang ku kueh,ang ku kueh
chwee kueh,chwee kueh
kueh ambon,kueh ambon
kueh bangkit,kueh bangkit
kueh baulu,kueh baulu
kueh bingka,kueh bingka
kueh dadar,kueh dadar
kueh dodol,kueh dodol
kueh jongkong,kueh jongkong
kueh kapit,kueh kapit
kueh koci kueh kochi,kueh koci kueh kochi
kueh kosui,kueh kosui
kueh lapis,kueh lapis
kueh lopes,kueh lopes
kueh pie tee,kueh pie tee
kueh salat,kueh salat
kueh talam,kueh talam
kueh tutu,kueh tutu
kueh wajik,kueh wajik
peach kueh,peach kueh
perng kueh,perng kueh
soon kueh,soon kueh
kuih,kuih
kuti,kuti
kway chap,kway chap
kway teow,kway teow
char kway teow,char kway teow
la mian,la mian
lagi,lagi
lah,lah
laksa,laksa
laksa leaf,laksa leaf
penang laksa,penang laksa
lan,lan
lan cheow,lan cheow
lan-lan,lan-lan
wa lan,wa lan
langgar,langgar
langsat,langsat
lantern festival,lantern festival
lao jiao,lao jiao
lau jiao,lau jiao
lau kwee,lau kwee
lau peng,lau peng
leceh,leceh
leh,leh
lei cha fan,lei cha fan
lelong,lelong
lemak,lemak
lemang,lemang
lembek,lembek
lengkuas,lengkuas
lepak,lepak
level,level
liak bo kiu,liak bo kiu
liam keng,liam keng
lian lian,lian lian
like nobody  s business,like nobody  s business
like that,like that
lin yoong,lin yoong
little red dot,little red dot
lo hei,lo hei
lo shee fun,lo shee fun
lobang,lobang
lobo,lobo
loh kai yik,loh kai yik
lok lok,lok lok
long bean,long bean
long chiam pas,long chiam pas
longan,longan
longkang,longkang
lontong,lontong
lor,lor
lor ark,lor ark
lor mai gai,lor mai gai
lor mee,lor mee
lose face,lose face
lotus root,lotus root
lotus seed,lotus seed
love letter,love letter
lppl,lppl
lum pa,lum pa
lum pa pa lan,lum pa pa lan
lupcheong,lupcheong
ma lai kou,ma lai kou
ma si sa ko,ma si sa ko
mabok,mabok
mah,mah
mah jie,mah jie
mah mee,mah mee
maintain balan,maintain balan
makan,makan
cari makan chari makan,cari makan chari makan
makan session,makan session
makcik,makcik
malau,malau
malau peng,malau peng
malu,malu
mama mamak,mama mamak
mama shop mamak shop,mama shop mamak shop
mangali,mangali
manja,manja
market,market
masak-masak,masak-masak
mass orgy,mass orgy
mat,mat
mat rok,mat rok
mat salleh,mat salleh
mata kuching,mata kuching
mati,mati
mc,mc
mc king,mc king
mee,mee
bak chor mee,bak chor mee
hay mee,hay mee
hokkien mee hokkien fried mee,hokkien mee hokkien fried mee
lor mee,lor mee
mah mee,mah mee
mee goreng,mee goreng
ponggol mee goreng,ponggol mee goreng
mee kia,mee kia
mee pok,mee pok
mee pok tah,mee pok tah
mee rebus,mee rebus
mee siam,mee siam
mee soto,mee soto
mee soup,mee soup
mee sua,mee sua
mee tai bak,mee tai bak
meehoon,meehoon
wantan mee,wantan mee
meh,meh
mei cai,mei cai
mei cai kou rou,mei cai kou rou
merlion merlion,merlion merlion
mid-autumn festival,mid-autumn festival
milo dinosaur,milo dinosaur
milo godzilla,milo godzilla
miloccino,miloccino
minah,minah
ming jiang kueh,ming jiang kueh
mood,mood
mooncake,mooncake
muffadet,muffadet
mugger,mugger
mugger toad,mugger toad
mui choy,mui choy
mum mum,mum mum
munjen,munjen
murtabak,murtabak
murukku,murukku
my one,my one
nam yu,nam yu
nanny nanny boo boo,nanny nanny boo boo
nasi,nasi
nasi beriani nasi briyani,nasi beriani nasi briyani
nasi campur,nasi campur
nasi goreng,nasi goreng
nasi goreng istimewa,nasi goreng istimewa
nasi goreng pattaya,nasi goreng pattaya
nasi kuning,nasi kuning
nasi kunyit,nasi kunyit
nasi lemak,nasi lemak
nasi minyak,nasi minyak
nasi padang,nasi padang
nasi paprik,nasi paprik
neh neh,neh neh
ngeow,ngeow
ngo hiang,ngo hiang
nian gao,nian gao
nin ko,nin ko
nng ka-peng,nng ka-peng
no government,no government
no spee-yak,no spee-yak
nor mai gai,nor mai gai
not needed,not needed
nric,nric
nyatoh,nyatoh
o$p$,o$p$
oa,oa
ob,ob
obiang,obiang
oei,oei
off-.,off-.
off n. & a.,off n. & a.
off beat cha-cha,off beat cha-cha
old bird,old bird
on-.,on-.
on a.,on a.
on charge,on charge
on the ball,on the ball
on the wrong ball,on the wrong ball
onde onde,onde onde
ondeh ondeh,ondeh ondeh
one,one
one kind,one kind
one- two- etc. stripe general,one- two- etc. stripe general
opeh,opeh
or jian,or jian
orang china bukan china,orang china bukan china
or-bi-good,or-bi-good
ord,ord
orgy,orgy
orh nee,orh nee
orluak,orluak
orni,orni
ot,ot
otah otah otah,otah otah otah
otak-otak,otak-otak
otang,otang
owa peya som,owa peya som
owe money pay money,owe money pay money
own time own target,own time own target
ownself,ownself
pai,pai
pai cho,pai cho
pai kia,pai kia
pai lang,pai lang
pai nang,pai nang
zho pai nang,zho pai nang
pai than,pai than
paiseh,paiseh
pak choi,pak choi
pak tong gou,pak tong gou
pakat,pakat
pakcik,pakcik
pang chan,pang chan
pang giu,pang giu
pantang,pantang
paper thosai,paper thosai
pasal,pasal
pasang,pasang
pasar,pasar
pasar malam,pasar malam
patchri,patchri
pau,pau
pau chia,pau chia
pau ka liau,pau ka liau
pau thau,pau thau
peach kueh,peach kueh
peanut soup,peanut soup
pee pee,pee pee
pek chek,pek chek
pek tor he,pek tor he
penang char kway teow,penang char kway teow
penang laksa,penang laksa
peng,peng
cha tow peng,cha tow peng
chau peng,chau peng
hokkien peng,hokkien peng
lau peng,lau peng
seow peng,seow peng
peng kueh,peng kueh
pengat,pengat
pengsan,pengsan
peranakan,peranakan
perng kueh,perng kueh
perng tang,perng tang
petai,petai
pgo,pgo
phai cho,phai cho
phak bang,phak bang
pinkerton syndrome,pinkerton syndrome
pisang,pisang
pisang goreng,pisang goreng
pisang mas,pisang mas
pisang raja,pisang raja
plaster prata,plaster prata
play cheat,play cheat
play play,play play
play punk,play punk
plu,plu
pom pom,pom pom
pondan,pondan
pong kan,pong kan
pongal,pongal
ponggol mee goreng,ponggol mee goreng
ponteng,ponteng
popiah,popiah
popiah goreng,popiah goreng
potong ice-cream,potong ice-cream
potong jalan,potong jalan
powder bath,powder bath
powderful,powderful
prata,prata
egg prata,egg prata
plaster prata,plaster prata
prata bomb,prata bomb
prata plaster,prata plaster
pregnant duck,pregnant duck
puah liap,puah liap
pulasan,pulasan
pulut hitam,pulut hitam
pump,pump
pun chan,pun chan
put (one) on charge,put (one) on charge
putri salat,putri salat
putu,putu
putu bambu,putu bambu
putu mayam,putu mayam
putu piring,putu piring
pwd,pwd
qing ming festival,qing ming festival
ramly burger,ramly burger
range,range
red bean,red bean
red bean soup,red bean soup
relak,relak
relak one corner,relak one corner
remisier,remisier
rempah,rempah
rendang,rendang
beef rendang,beef rendang
reservist,reservist
rice bowl,rice bowl
iron rice bowl,iron rice bowl
rickshaw noodles,rickshaw noodles
rod,rod
rod mood,rod mood
rojak,rojak
indian rojak,indian rojak
roti,roti
roti canai,roti canai
roti jala,roti jala
roti john,roti john
roti prata,roti prata
rsm  s hotel,rsm  s hotel
rubbish dump,rubbish dump
rugi,rugi
runner,runner
saat,saat
sabo,sabo
sabo king,sabo king
sago gula melaka,sago gula melaka
sah-saat,sah-saat
sai kang,sai kang
sai yong choi,sai yong choi
sakali,sakali
sakar,sakar
salah,salah
sam lo hor fun,sam lo hor fun
sambal,sambal
sambal belacan,sambal belacan
sampai tua,sampai tua
samseng,samseng
samsui chicken,samsui chicken
samsui woman,samsui woman
santan,santan
sapu,sapu
sarabat stall,sarabat stall
sard,sard
sarong party girl,sarong party girl
satay,satay
satay beehoon,satay beehoon
satay celup,satay celup
satay sauce,satay sauce
satay stick,satay stick
save face,save face
sayang,sayang
sayur lodeh,sayur lodeh
score point score points,score point score points
screw,screw
screw inside-out,screw inside-out
screw upside-down,screw upside-down
sedap,sedap
see first,see first
see how,see how
see peh,see peh
see peh kiam,see peh kiam
see peh sian,see peh sian
see peh siong,see peh siong
see peh suay,see peh suay
see (you him etc.) small,see (you him etc.) small
sei,sei
sekali,sekali
selar,selar
selaseh selasih,selaseh selasih
selekeh,selekeh
sell (one  s) backside,sell (one  s) backside
senang,senang
senget,senget
seow,seow
seow cha bor,seow cha bor
seow eh,seow eh
seow on,seow on
seow peng,seow peng
serani,serani
serimuka,serimuka
shack shacked,shack shacked
shake,shake
shake legs,shake legs
shang meen,shang meen
shee shee,shee shee
shilling,shilling
shiok,shiok
show half ball,show half ball
shui kau,shui kau
sia siak,sia siak
siam,siam
siam one corner,siam one corner
sian,sian
siew mai,siew mai
sign extra,sign extra
sign 1206,sign 1206
sin jiao,sin jiao
singapore,singapore
singapore fried noodles,singapore fried noodles
singapore sling,singapore sling
singapura,singapura
singgang,singgang
singlish,singlish
sinseh,sinseh
sinus,sinus
siong,siong
siow,siow
siput sedut,siput sedut
slang,slang
slime,slime
smoke,smoke
sms,sms
snake,snake
snake-king,snake-king
snow frog,snow frog
snowskin,snowskin
soc,soc
soh si,soh si
solid,solid
soon hock,soon hock
soon kueh,soon kueh
soto ayam,soto ayam
sotong,sotong
soya bean milk,soya bean milk
specky,specky
spg,spg
spoil the market,spoil the market
s  pore,s  pore
s  porean,s  porean
standard,standard
stand-by bed,stand-by bed
steady pom pi pi,steady pom pi pi
steam,steam
steam sia,steam sia
steamboat,steamboat
hainanese steamboat,hainanese steamboat
study mama,study mama
stylo,stylo
stylo-mylo,stylo-mylo
suaku,suaku
suan,suan
suan pan zi,suan pan zi
suay,suay
sud,sud
sudah,sudah
sugee,sugee
sugee cake,sugee cake
sui,sui
suka-suka,suka-suka
sup,sup
sup kambing,sup kambing
sup tulang,sup tulang
super white horse,super white horse
susah,susah
swee,swee
swh,swh
switch-off,switch-off
switch-on switched on,switch-on switched on
ta pau,ta pau
tactical movement,tactical movement
tahan,tahan
tahil,tahil
tai chi,tai chi
tai tai,tai tai
tair,tair
tak jalan,tak jalan
take,take
take cover,take cover
talc,talc
talk cock,talk cock
talk cock sing song,talk cock sing song
tambi tamby,tambi tamby
tang hoon,tang hoon
tang kee,tang kee
tang ku,tang ku
tang oh,tang oh
tang shui,tang shui
tang yuan,tang yuan
tankee,tankee
tat giu,tat giu
tau,tau
tau cheoh,tau cheoh
tau huay,tau huay
tau huay chui,tau huay chui
tau kon,tau kon
tau kua,tau kua
tau kua pau,tau kua pau
tau mio,tau mio
tau pei,tau pei
tau sar,tau sar
tau sar pau,tau sar pau
tau sar piah,tau sar piah
tau suan,tau suan
taucheo,taucheo
taufa,taufa
taufa shui,taufa shui
taufoo,taufoo
taufu,taufu
taufu fa,taufu fa
taugeh,taugeh
tauhu,tauhu
tauhu goreng,tauhu goreng
taupok,taupok
tauyu,tauyu
tauyu bak,tauyu bak
teh,teh
teh alia,teh alia
teh halia,teh halia
teh kah tai,teh kah tai
teh kosong,teh kosong
teh peng,teh peng
teh poh,teh poh
teh see teh si,teh see teh si
teh siew tai,teh siew tai
teh tarek teh tarik,teh tarek teh tarik
teh-c,teh-c
tehccino,tehccino
teh-o,teh-o
teh-o kosong,teh-o kosong
tekan,tekan
tekan session,tekan session
telt,telt
tembah,tembah
teochew,teochew
teochew porridge,teochew porridge
ter kah,ter kah
terok,terok
terror,terror
teruk,teruk
thaipusam,thaipusam
than chia,than chia
than chia peng,than chia peng
thosai,thosai
paper thosai,paper thosai
thunder tea rice,thunder tea rice
tia bo,tia bo
tiger show,tiger show
tikam tikam(-)tikam,tikam tikam(-)tikam
tim chuk,tim chuk
tingkat,tingkat
tio be pio,tio be pio
tio hoo,tio hoo
tmd,tmd
tock tock man,tock tock man
togok,togok
togok session,togok session
toh hay,toh hay
tok kong,tok kong
toman,toman
tombalek,tombalek
tong chye,tong chye
topo general,topo general
topo king,topo king
towgay,towgay
towkay,towkay
tu lan,tu lan
tua pek kong,tua pek kong
tuang,tuang
tumpang,tumpang
ular,ular
ular-king,ular-king
ulu,ulu
uncle,uncle
vadai,vadai
vaisakhi,vaisakhi
vesak day,vesak day
void deck,void deck
vomit blood,vomit blood
wa lan,wa lan
wa lau,wa lau
wa piang,wa piang
wah pron.,wah pron.
wah int.,wah int.
wahlau,wahlau
wake up your ideas,wake up your ideas
wantan,wantan
wantan mee,wantan mee
wantan noodles,wantan noodles
wanton,wanton
wash,wash
wayang,wayang
wet,wet
wet market,wet market
wh,wh
whack,whack
what,what
what the fish,what the fish
where got?,where got?
white fungus,white fungus
white horse,white horse
super white horse,super white horse
whole jin gang the,whole jin gang the
wind,wind
wok hei,wok hei
wonton,wonton
wor,wor
wowo,wowo
wowo king,wowo king
wu kok,wu kok
xiao long bao,xiao long bao
ya,ya
yam seng,yam seng
yau zha guai,yau zha guai
yaya,yaya
yaya-king,yaya-king
yaya papaya,yaya papaya
yeh yeh,yeh yeh
yong tau fu,yong tau fu
hakka yong tau fu,hakka yong tau fu
you tiao,you tiao
your grandfather  s army,your grandfather  s army
your head,your head
yum seng,yum seng
yusheng,yusheng
zai,zai
ai zai,ai zai
buay zai,buay zai
zap,zap
zero point,zero point
zhi cha zhi char,zhi cha zhi char
zi char,zi char
